"","scina","scsorter","sctype","singler","scpred"
"Cell1001","Group1","Group1","Group3","Group1","Group1"
"Cell1002","Group1","Group2","Group1","Group1",NA
"Cell1003","Group3","Group3","Group3","Group3","Group3"
"Cell1004","Group1","Group1","Group3","Group1","Group1"
"Cell1005","Group4","Group4","Group4","Group4","Group4"
"Cell1006","Group4","Group4","Group4","Group4","Group3"
"Cell1007","Group2","Group2","Group2","Group2","Group2"
"Cell1008",NA,"Group3","Group3","Group3","Group3"
"Cell1009","Group2","Group2","Group2","Group2","Group2"
"Cell1010","Group3","Group3","Group3","Group3","Group3"
"Cell1011","Group1","Group1","Group1","Group1","Group1"
"Cell1012","Group1","Group1","Group1","Group1","Group1"
"Cell1013","Group2","Group2","Group1","Group1",NA
"Cell1014","Group1","Group1","Group1","Group1","Group1"
"Cell1015","Group4","Group4","Group4","Group4","Group2"
"Cell1016","Group1","Group1","Group1","Group1",NA
"Cell1017","Group1","Group1","Group1","Group1","Group1"
"Cell1018","Group1","Group1","Group1","Group1","Group1"
"Cell1019","Group1","Group2","Group3","Group2","Group3"
"Cell1020","Group4","Group4","Group4","Group4",NA
"Cell1021","Group3","Group3","Group3","Group3","Group3"
"Cell1022","Group4","Group4","Group3","Group4","Group4"
"Cell1023","Group1","Group1","Group1","Group1","Group1"
"Cell1024","Group3","Group3","Group3","Group3",NA
"Cell1025","Group3","Group3","Group3","Group3",NA
"Cell1026","Group1","Group1","Group1","Group1","Group1"
"Cell1027","Group2","Group2","Group2","Group2","Group2"
"Cell1028","Group2","Group2","Group2","Group2","Group2"
"Cell1029","Group1","Group1","Group1","Group1",NA
"Cell1030","Group3","Group3","Group3","Group3",NA
"Cell1031","Group2","Group2","Group2","Group2",NA
"Cell1032","Group4","Group4","Group4","Group4",NA
"Cell1033","Group1","Group1","Group1","Group1","Group1"
"Cell1034","Group3","Group3","Group3","Group3","Group3"
"Cell1035","Group3","Group3","Group3","Group3","Group2"
"Cell1036",NA,"Group3","Group2","Group1","Group3"
"Cell1037","Group1","Group1","Group1","Group1","Group1"
"Cell1038","Group1","Group1","Group1","Group1","Group1"
"Cell1039","Group3","Group3","Group3","Group3",NA
"Cell1040","Group4","Group4","Group4","Group4","Group2"
"Cell1041","Group2","Group2","Group2","Group2","Group2"
"Cell1042","Group2","Group2","Group2","Group2","Group1"
"Cell1043","Group4","Group4","Group4","Group4","Group4"
"Cell1044","Group2","Group2","Group3","Group2","Group2"
"Cell1045","Group4","Group4","Group4","Group4","Group4"
"Cell1046","Group2","Group2","Group2","Group2","Group4"
"Cell1047","Group4","Group4","Group4","Group4","Group4"
"Cell1048","Group4","Group4","Group4","Group4","Group4"
"Cell1049","Group2","Group2","Group2","Group2","Group2"
"Cell1050","Group4","Group4","Group4","Group4",NA
"Cell1051","Group3","Group3","Group3","Group3","Group3"
"Cell1052","Group1","Group4","Group1","Group1","Group1"
"Cell1053","Group4","Group4","Group4","Group4","Group4"
"Cell1054","Group3","Group3","Group2","Group3","Group3"
"Cell1055","Group2","Group2","Group2","Group2","Group2"
"Cell1056","Group1","Group2","Group1","Group1","Group1"
"Cell1057","Group2","Group2","Group2","Group2","Group2"
"Cell1058","Group4","Group4","Group4","Group4","Group4"
"Cell1059","Group3","Group3","Group3","Group3","Group3"
"Cell1060","Group1","Group1","Group1","Group1",NA
"Cell1061","Group2","Group2","Group2","Group2","Group2"
"Cell1062","Group2","Group2","Group2","Group2","Group1"
"Cell1063","Group4","Group4","Group4","Group4","Group1"
"Cell1064","Group4","Group4","Group4","Group4","Group4"
"Cell1065","Group4","Group4","Group4","Group4","Group4"
"Cell1066","Group2","Group2","Group2","Group2",NA
"Cell1067","Group1","Group1","Group1","Group1","Group1"
"Cell1068","Group1","Group1","Group2","Group1","Group1"
"Cell1069",NA,"Group1","Group3","Group1","Group1"
"Cell1070","Group3","Group3","Group1","Group1","Group1"
"Cell1071","Group1","Group1","Group1","Group1",NA
"Cell1072","Group1","Group1","Group4","Group1",NA
"Cell1073","Group4","Group4","Group4","Group4","Group4"
"Cell1074","Group3","Group3","Group3","Group3","Group3"
"Cell1075","Group2","Group2","Group4","Group2",NA
"Cell1076","Group3","Group3","Group3","Group3","Group4"
"Cell1077","Group4","Group4","Group4","Group4",NA
"Cell1078","Group2","Group2","Group2","Group2","Group4"
"Cell1079","Group4","Group4","Group4","Group4","Group4"
"Cell1080","Group2","Group2","Group2","Group2",NA
"Cell1081","Group2","Group2","Group1","Group2","Group2"
"Cell1082","Group4","Group4","Group4","Group4",NA
"Cell1083","Group2","Group2","Group2","Group2","Group2"
"Cell1084","Group3","Group3","Group2","Group3","Group2"
"Cell1085","Group2","Group2","Group2","Group2","Group2"
"Cell1086","Group3","Group3","Group3","Group3","Group1"
"Cell1087","Group3","Group3","Group3","Group3","Group3"
"Cell1088","Group3","Group3","Group3","Group3","Group3"
"Cell1089","Group4","Group4","Group4","Group4","Group4"
"Cell1090","Group1","Group2","Group1","Group1","Group1"
"Cell1091","Group2","Group2","Group2","Group2","Group2"
"Cell1092",NA,"Group3","Group3","Group3","Group3"
"Cell1093","Group3","Group3","Group2","Group3","Group2"
"Cell1094","Group3","Group3","Group1","Group3",NA
"Cell1095","Group3","Group3","Group3","Group3","Group3"
"Cell1096","Group1","Group1","Group1","Group1","Group1"
"Cell1097","Group1","Group1","Group4","Group1","Group4"
"Cell1098",NA,"Group2","Group2","Group2","Group2"
"Cell1099","Group2","Group2","Group2","Group2","Group2"
"Cell1100","Group4","Group4","Group4","Group4","Group4"
"Cell1101","Group1","Group1","Group2","Group1","Group1"
"Cell1102","Group3","Group3","Group3","Group3",NA
"Cell1103",NA,"Group2","Group2","Group2","Group2"
"Cell1104","Group1","Group1","Group1","Group1","Group2"
"Cell1105","Group4","Group4","Group4","Group4","Group4"
"Cell1106","Group4","Group4","Group2","Group4","Group2"
"Cell1107","Group2","Group2","Group1","Group2","Group2"
"Cell1108","Group4","Group4","Group4","Group1","Group4"
"Cell1109","Group2","Group2","Group2","Group2","Group1"
"Cell1110","Group1","Group4","Group1","Group1","Group1"
"Cell1111","Group2","Group2","Group2","Group2","Group2"
"Cell1112","Group1","Group1","Group1","Group1",NA
"Cell1113","Group2","Group2","Group2","Group2",NA
"Cell1114","Group3","Group3","Group3","Group3",NA
"Cell1115","Group2","Group2","Group3","Group3","Group2"
"Cell1116","Group3","Group3","Group3","Group3","Group3"
"Cell1117","Group2","Group2","Group2","Group2","Group2"
"Cell1118","Group4","Group4","Group4","Group4","Group4"
"Cell1119","Group2","Group2","Group1","Group1","Group1"
"Cell1120","Group2","Group2","Group3","Group2","Group2"
"Cell1121","Group4","Group4","Group4","Group4","Group3"
"Cell1122","Group4","Group4","Group4","Group4","Group4"
"Cell1123","Group3","Group3","Group2","Group3","Group4"
"Cell1124","Group4","Group4","Group4","Group4","Group4"
"Cell1125","Group1","Group1","Group1","Group1","Group1"
"Cell1126","Group3","Group3","Group1","Group3","Group1"
"Cell1127","Group2","Group4","Group2","Group1","Group2"
"Cell1128","Group4","Group4","Group4","Group4",NA
"Cell1129","Group3","Group3","Group3","Group3","Group3"
"Cell1130","Group2","Group2","Group2","Group2","Group2"
"Cell1131","Group2","Group2","Group2","Group2","Group2"
"Cell1132","Group1","Group2","Group3","Group3","Group3"
"Cell1133","Group2","Group2","Group2","Group2","Group2"
"Cell1134","Group1","Group1","Group1","Group1","Group1"
"Cell1135","Group3","Group3","Group3","Group3","Group3"
"Cell1136","Group2","Group2","Group2","Group2","Group2"
"Cell1137",NA,"Group4","Group1","Group1","Group1"
"Cell1138","Group2","Group2","Group2","Group2","Group2"
"Cell1139","Group3","Group3","Group3","Group3","Group3"
"Cell1140","Group3","Group3","Group3","Group3","Group3"
"Cell1141","Group2","Group2","Group2","Group2","Group2"
"Cell1142","Group2","Group2","Group2","Group2","Group2"
"Cell1143","Group4","Group4","Group4","Group2","Group4"
"Cell1144","Group3","Group3","Group3","Group3","Group3"
"Cell1145","Group2","Group2","Group1","Group2","Group2"
"Cell1146","Group2","Group2","Group2","Group2","Group1"
"Cell1147","Group4","Group4","Group4","Group4","Group4"
"Cell1148","Group4","Group4","Group4","Group4","Group4"
"Cell1149","Group1","Group3","Group3","Group3","Group3"
"Cell1150","Group4","Group4","Group4","Group4","Group4"
"Cell1151","Group4","Group4","Group4","Group4","Group4"
"Cell1152","Group3","Group3","Group3","Group3","Group3"
"Cell1153","Group2","Group2","Group2","Group2","Group2"
"Cell1154","Group1","Group1","Group1","Group1","Group1"
"Cell1155","Group1","Group1","Group1","Group1","Group1"
"Cell1156","Group4","Group4","Group3","Group4","Group4"
"Cell1157","Group3","Group3","Group2","Group1","Group1"
"Cell1158","Group2","Group2","Group2","Group2","Group2"
"Cell1159","Group2","Group2","Group2","Group2","Group2"
"Cell1160","Group1","Group1","Group1","Group1","Group1"
"Cell1161","Group2","Group2","Group1","Group2","Group2"
"Cell1162","Group3","Group3","Group3","Group3","Group4"
"Cell1163","Group3","Group3","Group2","Group3","Group3"
"Cell1164","Group4","Group4","Group4","Group4","Group4"
"Cell1165","Group4","Group4","Group3","Group4","Group4"
"Cell1166","Group2","Group2","Group2","Group2","Group2"
"Cell1167",NA,"Group2","Group1","Group1","Group3"
"Cell1168","Group1","Group1","Group2","Group4",NA
"Cell1169","Group1","Group2","Group2","Group2","Group2"
"Cell1170","Group4","Group4","Group2","Group4","Group2"
"Cell1171","Group3","Group3","Group3","Group3","Group3"
"Cell1172","Group3","Group3","Group3","Group3",NA
"Cell1173","Group2","Group2","Group1","Group1",NA
"Cell1174","Group4","Group4","Group4","Group4","Group4"
"Cell1175",NA,"Group4","Group1","Group1","Group1"
"Cell1176","Group4","Group4","Group4","Group4","Group4"
"Cell1177","Group2","Group2","Group3","Group2",NA
"Cell1178","Group2","Group2","Group2","Group2","Group2"
"Cell1179","Group2","Group2","Group1","Group2","Group2"
"Cell1180","Group2","Group2","Group2","Group2","Group2"
"Cell1181","Group1","Group1","Group1","Group1",NA
"Cell1182","Group3","Group3","Group2","Group2",NA
"Cell1183","Group4","Group4","Group4","Group4","Group4"
"Cell1184","Group2","Group2","Group2","Group2","Group2"
"Cell1185","Group2","Group2","Group2","Group2",NA
"Cell1186","Group3","Group3","Group3","Group3","Group3"
"Cell1187","Group2","Group2","Group2","Group2",NA
"Cell1188","Group1","Group1","Group1","Group1","Group1"
"Cell1189","Group3","Group3","Group3","Group3","Group2"
"Cell1190","Group1","Group1","Group1","Group1","Group1"
"Cell1191","Group1","Group2","Group1","Group1","Group1"
"Cell1192","Group4","Group4","Group2","Group4","Group4"
"Cell1193","Group2","Group2","Group2","Group2","Group2"
"Cell1194","Group4","Group4","Group4","Group4","Group4"
"Cell1195","Group4","Group4","Group4","Group4","Group4"
"Cell1196","Group4","Group4","Group4","Group4","Group4"
"Cell1197","Group4","Group4","Group4","Group4",NA
"Cell1198","Group3","Group3","Group3","Group3","Group3"
"Cell1199","Group4","Group4","Group1","Group4","Group4"
"Cell1200","Group4","Group4","Group4","Group4",NA
"Cell1201","Group4","Group4","Group4","Group4","Group4"
"Cell1202","Group3","Group3","Group3","Group3",NA
"Cell1203","Group3","Group3","Group3","Group3","Group3"
"Cell1204","Group2","Group2","Group2","Group2","Group2"
"Cell1205","Group2","Group2","Group2","Group2","Group2"
"Cell1206","Group1","Group1","Group1","Group1","Group1"
"Cell1207","Group2","Group2","Group2","Group2","Group2"
"Cell1208","Group4","Group4","Group4","Group4","Group4"
"Cell1209","Group3","Group3","Group3","Group3","Group3"
"Cell1210","Group2","Group2","Group2","Group2","Group2"
"Cell1211","Group3","Group3","Group3","Group3","Group3"
"Cell1212","Group1","Group1","Group1","Group1","Group1"
"Cell1213","Group4","Group4","Group2","Group4","Group4"
"Cell1214","Group3","Group3","Group2","Group3","Group2"
"Cell1215",NA,"Group1","Group1","Group1","Group1"
"Cell1216","Group3","Group3","Group3","Group3","Group3"
"Cell1217","Group2","Group2","Group2","Group2","Group2"
"Cell1218","Group4","Group4","Group4","Group4","Group1"
"Cell1219","Group2","Group2","Group2","Group1","Group1"
"Cell1220","Group1","Group1","Group1","Group1","Group1"
"Cell1221","Group3","Group3","Group3","Group3","Group3"
"Cell1222","Group3","Group3","Group3","Group3","Group1"
"Cell1223","Group3","Group3","Group2","Group3","Group4"
"Cell1224","Group3","Group3","Group3","Group3",NA
"Cell1225","Group1","Group1","Group1","Group1","Group1"
"Cell1226","Group3","Group3","Group2","Group3","Group3"
"Cell1227","Group4","Group4","Group4","Group4","Group2"
"Cell1228","Group2","Group2","Group2","Group2","Group2"
"Cell1229","Group4","Group4","Group4","Group4","Group4"
"Cell1230","Group2","Group2","Group2","Group2",NA
"Cell1231","Group3","Group3","Group3","Group3","Group3"
"Cell1232","Group4","Group4","Group4","Group4",NA
"Cell1233","Group1","Group2","Group2","Group1","Group1"
"Cell1234","Group2","Group2","Group2","Group2","Group2"
"Cell1235","Group4","Group4","Group4","Group4","Group2"
"Cell1236","Group4","Group4","Group4","Group4",NA
"Cell1237","Group4","Group4","Group4","Group4","Group4"
"Cell1238","Group2","Group2","Group2","Group2","Group2"
"Cell1239","Group1","Group1","Group1","Group1","Group1"
"Cell1240","Group2","Group2","Group3","Group2","Group2"
"Cell1241","Group4","Group4","Group4","Group4","Group2"
"Cell1242","Group4","Group4","Group4","Group2","Group4"
"Cell1243","Group1","Group1","Group1","Group1","Group1"
"Cell1244",NA,"Group4","Group3","Group3","Group2"
"Cell1245","Group2","Group2","Group2","Group2","Group2"
"Cell1246","Group4","Group4","Group2","Group1","Group1"
"Cell1247","Group3","Group3","Group3","Group3","Group3"
"Cell1248","Group3","Group3","Group3","Group3","Group3"
"Cell1249","Group4","Group4","Group4","Group4","Group4"
"Cell1250","Group2","Group2","Group2","Group2","Group2"
"Cell1251","Group4","Group4","Group4","Group4",NA
"Cell1252","Group2","Group2","Group2","Group2","Group2"
"Cell1253","Group2","Group2","Group2","Group2","Group1"
"Cell1254","Group3","Group3","Group3","Group3","Group2"
"Cell1255","Group1","Group1","Group1","Group1","Group1"
"Cell1256","Group4","Group4","Group1","Group4","Group4"
"Cell1257",NA,"Group4","Group1","Group4","Group4"
"Cell1258","Group4","Group4","Group4","Group3","Group4"
"Cell1259","Group3","Group3","Group3","Group3","Group3"
"Cell1260",NA,"Group4","Group1","Group1",NA
"Cell1261","Group4","Group4","Group1","Group4","Group4"
"Cell1262",NA,"Group3","Group3","Group3","Group1"
"Cell1263","Group1","Group1","Group1","Group1","Group1"
"Cell1264","Group1","Group1","Group1","Group1",NA
"Cell1265","Group4","Group4","Group4","Group4","Group4"
"Cell1266","Group4","Group4","Group4","Group4",NA
"Cell1267","Group3","Group3","Group3","Group3","Group3"
"Cell1268",NA,"Group3","Group3","Group3","Group4"
"Cell1269","Group4","Group4","Group4","Group4","Group4"
"Cell1270","Group4","Group4","Group2","Group4","Group3"
"Cell1271","Group3","Group3","Group3","Group3","Group3"
"Cell1272","Group3","Group3","Group3","Group3","Group4"
"Cell1273","Group3","Group3","Group3","Group3","Group3"
"Cell1274","Group4","Group4","Group4","Group4","Group4"
"Cell1275","Group3","Group3","Group3","Group3","Group4"
"Cell1276","Group4","Group4","Group4","Group1","Group4"
"Cell1277","Group2","Group2","Group2","Group2","Group2"
"Cell1278","Group2","Group2","Group2","Group2","Group2"
"Cell1279","Group3","Group3","Group2","Group3","Group4"
"Cell1280","Group3","Group3","Group3","Group3","Group3"
"Cell1281","Group3","Group3","Group3","Group3","Group3"
"Cell1282","Group4","Group4","Group4","Group4",NA
"Cell1283","Group4","Group4","Group4","Group4","Group4"
"Cell1284","Group3","Group3","Group2","Group3","Group3"
"Cell1285","Group4","Group4","Group4","Group4","Group4"
"Cell1286","Group4","Group4","Group3","Group3",NA
"Cell1287","Group2","Group2","Group2","Group2","Group2"
"Cell1288","Group2","Group2","Group2","Group2","Group3"
"Cell1289","Group4","Group4","Group4","Group4","Group3"
"Cell1290","Group2","Group2","Group2","Group2","Group2"
"Cell1291","Group2","Group2","Group2","Group2","Group2"
"Cell1292","Group3","Group3","Group3","Group3","Group3"
"Cell1293","Group2","Group3","Group2","Group2","Group1"
"Cell1294","Group1","Group1","Group1","Group1","Group1"
"Cell1295","Group3","Group3","Group3","Group3",NA
"Cell1296","Group1","Group1","Group1","Group1","Group1"
"Cell1297","Group1","Group1","Group1","Group1","Group3"
"Cell1298","Group1","Group1","Group1","Group1","Group1"
"Cell1299","Group3","Group3","Group3","Group3","Group3"
"Cell1300","Group2","Group2","Group2","Group2","Group2"
"Cell1301","Group3","Group3","Group3","Group3","Group3"
"Cell1302","Group3","Group3","Group3","Group3","Group3"
"Cell1303","Group3","Group3","Group3","Group3","Group3"
"Cell1304","Group1","Group1","Group1","Group1",NA
"Cell1305","Group4","Group4","Group4","Group4","Group4"
"Cell1306","Group3","Group3","Group3","Group3","Group3"
"Cell1307","Group4","Group4","Group4","Group4","Group4"
"Cell1308","Group3","Group3","Group3","Group3","Group3"
"Cell1309","Group1","Group1","Group1","Group1","Group3"
"Cell1310","Group3","Group3","Group3","Group3","Group3"
"Cell1311","Group1","Group1","Group1","Group1","Group1"
"Cell1312","Group2","Group2","Group2","Group2","Group3"
"Cell1313","Group2","Group2","Group2","Group2","Group2"
"Cell1314","Group3","Group3","Group3","Group3","Group2"
"Cell1315",NA,"Group2","Group2","Group2",NA
"Cell1316","Group4","Group4","Group4","Group4","Group4"
"Cell1317","Group2","Group2","Group2","Group2","Group3"
"Cell1318","Group3","Group3","Group3","Group3","Group2"
"Cell1319","Group1","Group2","Group2","Group2","Group4"
"Cell1320","Group1","Group1","Group1","Group1","Group1"
"Cell1321","Group2","Group2","Group1","Group1","Group1"
"Cell1322","Group1","Group1","Group1","Group1","Group1"
"Cell1323","Group2","Group2","Group2","Group2","Group2"
"Cell1324","Group3","Group3","Group3","Group3","Group2"
"Cell1325","Group1","Group2","Group1","Group1","Group1"
"Cell1326","Group4","Group4","Group4","Group4","Group1"
"Cell1327","Group2","Group2","Group2","Group2","Group2"
"Cell1328","Group3","Group3","Group2","Group3","Group3"
"Cell1329","Group4","Group4","Group4","Group4","Group3"
"Cell1330","Group4","Group4","Group4","Group4",NA
"Cell1331","Group1","Group1","Group1","Group1","Group1"
"Cell1332","Group4","Group4","Group4","Group4","Group3"
"Cell1333","Group3","Group3","Group3","Group3","Group3"
"Cell1334","Group1","Group2","Group2","Group2","Group3"
"Cell1335","Group4","Group4","Group4","Group4","Group4"
"Cell1336","Group2","Group2","Group2","Group2",NA
"Cell1337","Group2","Group2","Group2","Group2",NA
"Cell1338","Group4","Group4","Group4","Group2","Group4"
"Cell1339","Group1","Group1","Group1","Group1","Group1"
"Cell1340","Group4","Group4","Group4","Group4","Group3"
"Cell1341","Group3","Group3","Group3","Group3","Group3"
"Cell1342","Group1","Group4","Group1","Group1",NA
"Cell1343","Group2","Group2","Group1","Group2","Group3"
"Cell1344","Group2","Group2","Group2","Group2","Group3"
"Cell1345","Group2","Group2","Group2","Group2","Group2"
"Cell1346","Group2","Group2","Group2","Group2",NA
"Cell1347","Group4","Group4","Group4","Group4",NA
"Cell1348","Group1","Group1","Group1","Group1","Group1"
"Cell1349","Group3","Group3","Group3","Group3","Group4"
"Cell1350","Group2","Group2","Group3","Group2","Group2"
"Cell1351","Group2","Group2","Group2","Group2","Group2"
"Cell1352","Group4","Group4","Group4","Group4",NA
"Cell1353","Group4","Group4","Group4","Group4",NA
"Cell1354","Group4","Group4","Group4","Group4","Group4"
"Cell1355","Group3","Group3","Group2","Group3",NA
"Cell1356","Group1","Group1","Group2","Group1","Group1"
"Cell1357","Group1","Group3","Group1","Group1","Group2"
"Cell1358","Group4","Group4","Group4","Group4",NA
"Cell1359","Group3","Group3","Group3","Group3","Group3"
"Cell1360","Group2","Group2","Group2","Group2","Group3"
"Cell1361","Group3","Group3","Group3","Group3","Group4"
"Cell1362","Group3","Group3","Group3","Group3",NA
"Cell1363","Group2","Group2","Group2","Group2","Group2"
"Cell1364","Group3","Group3","Group3","Group3","Group3"
"Cell1365","Group4","Group4","Group4","Group4",NA
"Cell1366","Group2","Group2","Group2","Group2","Group2"
"Cell1367","Group3","Group3","Group3","Group3","Group3"
"Cell1368","Group1","Group1","Group1","Group1","Group1"
"Cell1369","Group3","Group3","Group1","Group3","Group2"
"Cell1370",NA,NA,"Group4","Group1","Group4"
"Cell1371","Group4","Group4","Group4","Group4","Group4"
"Cell1372","Group1","Group3","Group3","Group3","Group3"
"Cell1373","Group3","Group3","Group3","Group3","Group1"
"Cell1374","Group3","Group3","Group3","Group3","Group3"
"Cell1375","Group2","Group2","Group2","Group2",NA
"Cell1376","Group1","Group1","Group1","Group1","Group1"
"Cell1377","Group3","Group3","Group3","Group3","Group4"
"Cell1378","Group3","Group3","Group1","Group3","Group3"
"Cell1379","Group2","Group2","Group2","Group2","Group2"
"Cell1380","Group2","Group2","Group2","Group2","Group2"
"Cell1381",NA,"Group3","Group3","Group3","Group3"
"Cell1382","Group2","Group2","Group2","Group2",NA
"Cell1383","Group4","Group4","Group4","Group4","Group3"
"Cell1384","Group4","Group4","Group4","Group4","Group4"
"Cell1385","Group3","Group3","Group1","Group3","Group3"
"Cell1386","Group2","Group2","Group2","Group2","Group1"
"Cell1387","Group1","Group3","Group3","Group3","Group3"
"Cell1388","Group3","Group3","Group3","Group3","Group3"
"Cell1389","Group2","Group2","Group2","Group2",NA
"Cell1390","Group3","Group3","Group3","Group3","Group3"
"Cell1391","Group1","Group1","Group1","Group1","Group1"
"Cell1392","Group4","Group4","Group4","Group4","Group4"
"Cell1393","Group4","Group4","Group2","Group4",NA
"Cell1394","Group4","Group4","Group4","Group4",NA
"Cell1395","Group3","Group3","Group3","Group3","Group3"
"Cell1396","Group4","Group4","Group4","Group4","Group4"
"Cell1397","Group4","Group4","Group2","Group4","Group4"
"Cell1398","Group1","Group1","Group1","Group1","Group1"
"Cell1399","Group4","Group4","Group4","Group4","Group4"
"Cell1400","Group2","Group2","Group4","Group2","Group2"
"Cell1401","Group1","Group4","Group4","Group4","Group4"
"Cell1402","Group3","Group3","Group1","Group1","Group1"
"Cell1403","Group3","Group3","Group3","Group3","Group4"
"Cell1404","Group3","Group3","Group3","Group3",NA
"Cell1405","Group1","Group2","Group2","Group2","Group2"
"Cell1406","Group1","Group1","Group1","Group1",NA
"Cell1407","Group2","Group2","Group1","Group1","Group1"
"Cell1408","Group3","Group3","Group1","Group3","Group3"
"Cell1409","Group1","Group1","Group1","Group1","Group1"
"Cell1410","Group3","Group2","Group2","Group2","Group3"
"Cell1411","Group2","Group2","Group2","Group2",NA
"Cell1412","Group4","Group4","Group2","Group4","Group4"
"Cell1413","Group1","Group1","Group1","Group1","Group2"
"Cell1414","Group1","Group1","Group1","Group1","Group1"
"Cell1415",NA,"Group4","Group4","Group4","Group4"
"Cell1416","Group1","Group1","Group1","Group1","Group3"
"Cell1417","Group2","Group2","Group2","Group2","Group2"
"Cell1418","Group2","Group2","Group2","Group2","Group3"
"Cell1419",NA,"Group2","Group1","Group1","Group1"
"Cell1420","Group4","Group4","Group4","Group4","Group4"
"Cell1421","Group2","Group2","Group2","Group2",NA
"Cell1422","Group3","Group3","Group3","Group3",NA
"Cell1423","Group1","Group1","Group1","Group1","Group1"
"Cell1424","Group1","Group1","Group1","Group1","Group1"
"Cell1425","Group3","Group3","Group3","Group3","Group3"
"Cell1426","Group4","Group4","Group4","Group4","Group3"
"Cell1427","Group3","Group1","Group2","Group3","Group3"
"Cell1428","Group3","Group3","Group3","Group3","Group3"
"Cell1429","Group3","Group3","Group3","Group3",NA
"Cell1430","Group1","Group4","Group1","Group1","Group1"
"Cell1431","Group3","Group3","Group3","Group3",NA
"Cell1432","Group2","Group2","Group2","Group2","Group3"
"Cell1433","Group1","Group4","Group1","Group1","Group2"
"Cell1434","Group3","Group3","Group3","Group3","Group3"
"Cell1435","Group1","Group1","Group1","Group1","Group1"
"Cell1436","Group2","Group2","Group2","Group2","Group2"
"Cell1437","Group4","Group4","Group4","Group3","Group4"
"Cell1438","Group2","Group2","Group2","Group2","Group2"
"Cell1439","Group4","Group4","Group4","Group4","Group3"
"Cell1440","Group4","Group4","Group4","Group1",NA
"Cell1441","Group3","Group3","Group3","Group3","Group3"
"Cell1442","Group4","Group4","Group4","Group4","Group4"
"Cell1443",NA,"Group2","Group1","Group2","Group2"
"Cell1444","Group1","Group1","Group1","Group1",NA
"Cell1445","Group2","Group2","Group2","Group2","Group3"
"Cell1446","Group1","Group1","Group4","Group1","Group1"
"Cell1447","Group1","Group1","Group1","Group1","Group1"
"Cell1448","Group3","Group3","Group3","Group3","Group2"
"Cell1449","Group3","Group3","Group3","Group3","Group4"
"Cell1450","Group4","Group4","Group4","Group4",NA
"Cell1451","Group4","Group4","Group4","Group4","Group4"
"Cell1452","Group3","Group3","Group3","Group3","Group3"
"Cell1453","Group4","Group4","Group4","Group4","Group4"
"Cell1454","Group4","Group4","Group4","Group4","Group2"
"Cell1455","Group4","Group4","Group4","Group4",NA
"Cell1456","Group3","Group3","Group3","Group3","Group3"
"Cell1457","Group1","Group4","Group1","Group1","Group1"
"Cell1458","Group1","Group1","Group1","Group1","Group1"
"Cell1459","Group1","Group1","Group1","Group1","Group1"
"Cell1460","Group3","Group3","Group3","Group3","Group3"
"Cell1461",NA,"Group2","Group2","Group2","Group1"
"Cell1462","Group3","Group2","Group2","Group2","Group2"
"Cell1463","Group4","Group4","Group4","Group4","Group4"
"Cell1464","Group2","Group2","Group1","Group1","Group3"
"Cell1465",NA,"Group3","Group4","Group2","Group2"
"Cell1466","Group2","Group2","Group2","Group2",NA
"Cell1467","Group2","Group2","Group2","Group2","Group2"
"Cell1468","Group1","Group2","Group1","Group2","Group2"
"Cell1469","Group1","Group1","Group1","Group1","Group4"
"Cell1470","Group3","Group3","Group3","Group3","Group3"
"Cell1471","Group3","Group3","Group3","Group3","Group3"
"Cell1472","Group2","Group2","Group2","Group2","Group2"
"Cell1473",NA,"Group2","Group4","Group1","Group1"
"Cell1474","Group4","Group4","Group2","Group3","Group2"
"Cell1475","Group4","Group4","Group4","Group4","Group4"
"Cell1476","Group4","Group4","Group4","Group4","Group2"
"Cell1477","Group1","Group3","Group1","Group1","Group1"
"Cell1478","Group2","Group2","Group2","Group2","Group2"
"Cell1479","Group4","Group4","Group4","Group4","Group4"
"Cell1480","Group3","Group3","Group4","Group3",NA
"Cell1481","Group1","Group1","Group1","Group1","Group1"
"Cell1482","Group1","Group1","Group1","Group1","Group1"
"Cell1483","Group3","Group3","Group3","Group3","Group3"
"Cell1484","Group1","Group1","Group1","Group1","Group1"
"Cell1485","Group1","Group2","Group1","Group1","Group4"
"Cell1486","Group3","Group3","Group3","Group3","Group3"
"Cell1487","Group2","Group2","Group2","Group2","Group2"
"Cell1488","Group1","Group1","Group1","Group1","Group1"
"Cell1489","Group1","Group4","Group1","Group1",NA
"Cell1490","Group3","Group3","Group3","Group3","Group3"
"Cell1491","Group1","Group4","Group1","Group1","Group1"
"Cell1492","Group1","Group1","Group1","Group1","Group1"
"Cell1493","Group2","Group2","Group2","Group2","Group1"
"Cell1494","Group2","Group2","Group2","Group3","Group2"
"Cell1495","Group3","Group3","Group3","Group3","Group3"
"Cell1496","Group1","Group1","Group1","Group1",NA
"Cell1497","Group3","Group3","Group3","Group3","Group3"
"Cell1498","Group2","Group2","Group2","Group2","Group2"
"Cell1499","Group3","Group3","Group3","Group3",NA
"Cell1500","Group1","Group2","Group1","Group1","Group1"
"Cell1501","Group4","Group4","Group4","Group4","Group4"
"Cell1502","Group4","Group4","Group4","Group4","Group4"
"Cell1503","Group4","Group4","Group4","Group4","Group4"
"Cell1504","Group4","Group4","Group4","Group4","Group2"
"Cell1505","Group4","Group4","Group4","Group4","Group2"
"Cell1506","Group4","Group4","Group4","Group4","Group4"
"Cell1507","Group3","Group3","Group3","Group3","Group4"
"Cell1508","Group1","Group1","Group1","Group1",NA
"Cell1509","Group1","Group1","Group1","Group1","Group1"
"Cell1510","Group2","Group2","Group1","Group2","Group2"
"Cell1511","Group4","Group4","Group4","Group4","Group4"
"Cell1512","Group1","Group4","Group2","Group1","Group1"
"Cell1513","Group3","Group3","Group3","Group3","Group4"
"Cell1514",NA,"Group2","Group2","Group2","Group2"
"Cell1515","Group4","Group4","Group4","Group4","Group2"
"Cell1516","Group1","Group1","Group1","Group1","Group1"
"Cell1517","Group2","Group2","Group2","Group2","Group2"
"Cell1518","Group4","Group4","Group4","Group4","Group4"
"Cell1519","Group2","Group2","Group1","Group2","Group2"
"Cell1520","Group2","Group2","Group2","Group2","Group2"
"Cell1521","Group1","Group1","Group1","Group1",NA
"Cell1522","Group1","Group1","Group3","Group1","Group3"
"Cell1523","Group3","Group3","Group3","Group3",NA
"Cell1524","Group1","Group1","Group2","Group1","Group2"
"Cell1525","Group4","Group4","Group4","Group4","Group4"
"Cell1526","Group3","Group3","Group3","Group3","Group1"
"Cell1527","Group3","Group3","Group3","Group3",NA
"Cell1528","Group3","Group3","Group3","Group3","Group3"
"Cell1529","Group2","Group2","Group2","Group2",NA
"Cell1530","Group4","Group4","Group4","Group4","Group4"
"Cell1531","Group2","Group2","Group2","Group2","Group2"
"Cell1532","Group3","Group3","Group3","Group3","Group3"
"Cell1533","Group3","Group3","Group3","Group3","Group3"
"Cell1534","Group2","Group2","Group3","Group2",NA
"Cell1535","Group3","Group3","Group3","Group3","Group3"
"Cell1536","Group3","Group3","Group3","Group3","Group3"
"Cell1537","Group1","Group1","Group4","Group1","Group3"
"Cell1538","Group1","Group4","Group1","Group1","Group1"
"Cell1539","Group3","Group3","Group3","Group3","Group3"
"Cell1540","Group3","Group3","Group3","Group3","Group3"
"Cell1541","Group3","Group3","Group3","Group3","Group3"
"Cell1542","Group4","Group4","Group4","Group4","Group4"
"Cell1543","Group2","Group3","Group2","Group3","Group2"
"Cell1544","Group4","Group4","Group4","Group4",NA
"Cell1545","Group1","Group1","Group1","Group1","Group1"
"Cell1546","Group3","Group3","Group3","Group3","Group3"
"Cell1547","Group3","Group3","Group3","Group3","Group3"
"Cell1548","Group2","Group2","Group2","Group2","Group2"
"Cell1549","Group1","Group1","Group1","Group1","Group4"
"Cell1550","Group1","Group3","Group1","Group3","Group3"
"Cell1551","Group4","Group4","Group4","Group4",NA
"Cell1552","Group2","Group2","Group2","Group2","Group2"
"Cell1553","Group1","Group1","Group1","Group1","Group1"
"Cell1554","Group3","Group3","Group3","Group3","Group3"
"Cell1555",NA,"Group3","Group2","Group1","Group4"
"Cell1556","Group1","Group2","Group1","Group1",NA
"Cell1557","Group2","Group2","Group2","Group2","Group2"
"Cell1558",NA,"Group4","Group4","Group3","Group2"
"Cell1559","Group1","Group1","Group1","Group1","Group1"
"Cell1560","Group3","Group3","Group3","Group3","Group2"
"Cell1561","Group3","Group3","Group1","Group3","Group1"
"Cell1562","Group4","Group4","Group4","Group4","Group4"
"Cell1563","Group2","Group2","Group2","Group2","Group4"
"Cell1564","Group1","Group1","Group1","Group1","Group1"
"Cell1565","Group4","Group4","Group4","Group4","Group2"
"Cell1566","Group3","Group3","Group3","Group3","Group3"
"Cell1567","Group1","Group1","Group1","Group1","Group1"
"Cell1568","Group3","Group3","Group3","Group3","Group3"
"Cell1569","Group1","Group1","Group1","Group1","Group1"
"Cell1570","Group1","Group2","Group1","Group1","Group1"
"Cell1571","Group4","Group4","Group4","Group2","Group4"
"Cell1572","Group2","Group2","Group2","Group2","Group2"
"Cell1573","Group1","Group2","Group1","Group1","Group1"
"Cell1574","Group2","Group2","Group2","Group2","Group2"
"Cell1575","Group3","Group1","Group1","Group1","Group3"
"Cell1576","Group4","Group4","Group4","Group4",NA
"Cell1577","Group4","Group4","Group4","Group4","Group3"
"Cell1578","Group4","Group4","Group4","Group4","Group3"
"Cell1579","Group2","Group2","Group2","Group2","Group2"
"Cell1580","Group3","Group3","Group3","Group3","Group3"
"Cell1581","Group1","Group3","Group2","Group3",NA
"Cell1582","Group4","Group4","Group4","Group1","Group1"
"Cell1583","Group4","Group4","Group4","Group4",NA
"Cell1584","Group2","Group2","Group2","Group2","Group2"
"Cell1585","Group2","Group2","Group2","Group2","Group2"
"Cell1586","Group3","Group3","Group3","Group3","Group3"
"Cell1587","Group3","Group3","Group3","Group3",NA
"Cell1588","Group4","Group4","Group4","Group4",NA
"Cell1589","Group2","Group2","Group2","Group2","Group3"
"Cell1590",NA,"Group1","Group3","Group1","Group1"
"Cell1591","Group3","Group3","Group2","Group3","Group3"
"Cell1592","Group4","Group4","Group4","Group4","Group4"
"Cell1593","Group3","Group3","Group3","Group3","Group3"
"Cell1594","Group2","Group2","Group2","Group2","Group2"
"Cell1595","Group2","Group2","Group2","Group2","Group1"
"Cell1596","Group4","Group4","Group4","Group4","Group4"
"Cell1597","Group1","Group1","Group1","Group1","Group1"
"Cell1598","Group1","Group1","Group1","Group1","Group3"
"Cell1599","Group2","Group2","Group2","Group2","Group2"
"Cell1600","Group4","Group4","Group4","Group4","Group4"
"Cell1601","Group3","Group3","Group3","Group3","Group3"
"Cell1602","Group3","Group3","Group3","Group3","Group3"
"Cell1603","Group4","Group4","Group4","Group4",NA
"Cell1604","Group2","Group2","Group2","Group2","Group2"
"Cell1605","Group2","Group2","Group2","Group2","Group2"
"Cell1606","Group3","Group3","Group3","Group3","Group3"
"Cell1607","Group4","Group4","Group4","Group4","Group4"
"Cell1608","Group1","Group3","Group1","Group3",NA
"Cell1609","Group3","Group3","Group3","Group3","Group3"
"Cell1610","Group3","Group3","Group3","Group3","Group3"
"Cell1611",NA,"Group3","Group3","Group3","Group1"
"Cell1612","Group3","Group3","Group3","Group3",NA
"Cell1613","Group4","Group4","Group4","Group4","Group4"
"Cell1614","Group1","Group1","Group1","Group1","Group4"
"Cell1615","Group2","Group3","Group4","Group3","Group3"
"Cell1616","Group3","Group3","Group3","Group3","Group4"
"Cell1617","Group4","Group4","Group4","Group4","Group4"
"Cell1618","Group1","Group1","Group1","Group1",NA
"Cell1619","Group3","Group3","Group3","Group3","Group3"
"Cell1620","Group1","Group2","Group1","Group1","Group1"
"Cell1621","Group2","Group2","Group3","Group2","Group2"
"Cell1622","Group1","Group1","Group1","Group1","Group1"
"Cell1623","Group2","Group2","Group2","Group2","Group2"
"Cell1624","Group2","Group2","Group2","Group2","Group2"
"Cell1625","Group2","Group2","Group2","Group2","Group2"
"Cell1626","Group2","Group2","Group2","Group2","Group3"
"Cell1627","Group3","Group3","Group3","Group3","Group2"
"Cell1628","Group4","Group4","Group4",NA,"Group4"
"Cell1629","Group4","Group4","Group4","Group4","Group4"
"Cell1630","Group3","Group3","Group3","Group3","Group3"
"Cell1631","Group2","Group2","Group2","Group2","Group2"
"Cell1632","Group4","Group4","Group4","Group4","Group4"
"Cell1633","Group1","Group1","Group1","Group1","Group1"
"Cell1634",NA,"Group4","Group2","Group1","Group4"
"Cell1635","Group4","Group4","Group4","Group4","Group4"
"Cell1636","Group4","Group4","Group1","Group3",NA
"Cell1637","Group4","Group4","Group4","Group4",NA
"Cell1638","Group1","Group1","Group1","Group1","Group1"
"Cell1639","Group2","Group2","Group2","Group2",NA
"Cell1640","Group4","Group4","Group4","Group4","Group4"
"Cell1641","Group3","Group3","Group3","Group3","Group3"
"Cell1642","Group3","Group3","Group3","Group3","Group3"
"Cell1643","Group1","Group1","Group1","Group1","Group4"
"Cell1644","Group4","Group4","Group4","Group4","Group4"
"Cell1645","Group2","Group3","Group3","Group3",NA
"Cell1646","Group1","Group1","Group1","Group1","Group1"
"Cell1647",NA,"Group3","Group3","Group3","Group3"
"Cell1648","Group2","Group2","Group2","Group2","Group2"
"Cell1649","Group4","Group4","Group4","Group4","Group4"
"Cell1650","Group4","Group4","Group4","Group4","Group4"
"Cell1651","Group4","Group4","Group4","Group4","Group4"
"Cell1652","Group2","Group2","Group2","Group2","Group2"
"Cell1653","Group4","Group4","Group4","Group4","Group4"
"Cell1654","Group1","Group2","Group1","Group1","Group1"
"Cell1655","Group3","Group3","Group3","Group3","Group3"
"Cell1656","Group1","Group1","Group1","Group1","Group1"
"Cell1657","Group1","Group1","Group2","Group1","Group1"
"Cell1658","Group3","Group3","Group3","Group3",NA
"Cell1659","Group1","Group1","Group1","Group1","Group1"
"Cell1660","Group2","Group2","Group2","Group2",NA
"Cell1661","Group2","Group2","Group2","Group2","Group4"
"Cell1662","Group3","Group3","Group3","Group3","Group3"
"Cell1663","Group4","Group4","Group4","Group4",NA
"Cell1664","Group2","Group2","Group1","Group1","Group1"
"Cell1665","Group4","Group4","Group4","Group3","Group2"
"Cell1666","Group3","Group3","Group3","Group3","Group3"
"Cell1667","Group1","Group1","Group1","Group1","Group1"
"Cell1668",NA,"Group3","Group3","Group3","Group3"
"Cell1669","Group4","Group4","Group4","Group4","Group4"
"Cell1670","Group2","Group2","Group2","Group2","Group2"
"Cell1671","Group3","Group3","Group3","Group3","Group4"
"Cell1672",NA,"Group2","Group2","Group2",NA
"Cell1673","Group3","Group3","Group3","Group3","Group3"
"Cell1674","Group2","Group2","Group2","Group2","Group2"
"Cell1675","Group3","Group4","Group1","Group1","Group1"
"Cell1676",NA,"Group2","Group2","Group2","Group2"
"Cell1677",NA,"Group2","Group3","Group4","Group3"
"Cell1678","Group3","Group3","Group3","Group3","Group3"
"Cell1679","Group1","Group1","Group1","Group1","Group1"
"Cell1680","Group4","Group4","Group4","Group4",NA
"Cell1681","Group4","Group4","Group4","Group4","Group4"
"Cell1682","Group1","Group1","Group1","Group1","Group1"
"Cell1683","Group4","Group4","Group4","Group1","Group4"
"Cell1684","Group4","Group4","Group4","Group4",NA
"Cell1685","Group2","Group2","Group2","Group2","Group2"
"Cell1686","Group4","Group4","Group4","Group4","Group4"
"Cell1687","Group2","Group2","Group2","Group2","Group2"
"Cell1688","Group1","Group1","Group1","Group1","Group1"
"Cell1689","Group4","Group4","Group4","Group4","Group1"
"Cell1690","Group4","Group4","Group4","Group4","Group4"
"Cell1691","Group3","Group3","Group3","Group3","Group3"
"Cell1692","Group2","Group2","Group2","Group2","Group2"
"Cell1693","Group4","Group4","Group4","Group4","Group2"
"Cell1694","Group1","Group4","Group1","Group1","Group1"
"Cell1695","Group3","Group3","Group3","Group3","Group3"
"Cell1696","Group2","Group2","Group2","Group2","Group2"
"Cell1697","Group4","Group4","Group4","Group4","Group1"
"Cell1698","Group4","Group4","Group4","Group4","Group1"
"Cell1699","Group3","Group3","Group3","Group3","Group3"
"Cell1700","Group3","Group3","Group3","Group3","Group3"
"Cell1701","Group2","Group2","Group2","Group2","Group2"
"Cell1702","Group4","Group4","Group4","Group4","Group4"
"Cell1703","Group4","Group4","Group2","Group4","Group4"
"Cell1704","Group1","Group3","Group3","Group3",NA
"Cell1705","Group3","Group3","Group3","Group3","Group3"
"Cell1706","Group1","Group1","Group1","Group1","Group1"
"Cell1707","Group3","Group3","Group3","Group3","Group3"
"Cell1708","Group2","Group2","Group2","Group2","Group2"
"Cell1709","Group3","Group3","Group3","Group3","Group2"
"Cell1710","Group1","Group1","Group1","Group1","Group1"
"Cell1711","Group4","Group4","Group4","Group4","Group4"
"Cell1712","Group4","Group4","Group4","Group4",NA
"Cell1713","Group4","Group4","Group4","Group4",NA
"Cell1714","Group4","Group4","Group4","Group4","Group4"
"Cell1715","Group3","Group3","Group3","Group3","Group2"
"Cell1716","Group1","Group1","Group1","Group1","Group1"
"Cell1717","Group2","Group3","Group1","Group1","Group2"
"Cell1718","Group4","Group4","Group4","Group4",NA
"Cell1719","Group1","Group1","Group1","Group1","Group1"
"Cell1720","Group3","Group3","Group3","Group3",NA
"Cell1721","Group4","Group4","Group4","Group4","Group4"
"Cell1722","Group2","Group2","Group2","Group2","Group2"
"Cell1723","Group3","Group3","Group3","Group3","Group3"
"Cell1724","Group4","Group4","Group4","Group4","Group4"
"Cell1725","Group1","Group1","Group2","Group1","Group1"
"Cell1726","Group4","Group4","Group4","Group4","Group4"
"Cell1727","Group3","Group3","Group3","Group3","Group3"
"Cell1728","Group1","Group3","Group1","Group1","Group3"
"Cell1729","Group4","Group4","Group4","Group4","Group4"
"Cell1730","Group3","Group3","Group3","Group3","Group3"
"Cell1731","Group1","Group1","Group1","Group1","Group1"
"Cell1732","Group2","Group2","Group2","Group2","Group2"
"Cell1733",NA,"Group4","Group2","Group2","Group4"
"Cell1734","Group1","Group3","Group1","Group1",NA
"Cell1735","Group2","Group2","Group2","Group2","Group2"
"Cell1736","Group3","Group3","Group3","Group3",NA
"Cell1737","Group4","Group4","Group1","Group1","Group1"
"Cell1738","Group2","Group2","Group1","Group1","Group2"
"Cell1739","Group4","Group4","Group4","Group4","Group2"
"Cell1740",NA,"Group4","Group4","Group4","Group4"
"Cell1741","Group3","Group3","Group3","Group3",NA
"Cell1742","Group2","Group2","Group2","Group2","Group2"
"Cell1743",NA,"Group3","Group2","Group3","Group3"
"Cell1744","Group4","Group4","Group4","Group4","Group4"
"Cell1745","Group1","Group1","Group1","Group1","Group1"
"Cell1746","Group3","Group3","Group3","Group3","Group3"
"Cell1747","Group1","Group1","Group2","Group1","Group1"
"Cell1748","Group1","Group1","Group1","Group1",NA
"Cell1749","Group4","Group4","Group4","Group4",NA
"Cell1750","Group1","Group1","Group1","Group1",NA
"Cell1751","Group2","Group2","Group2","Group2","Group2"
"Cell1752","Group4","Group4","Group4","Group4","Group4"
"Cell1753","Group4","Group4","Group4","Group4","Group4"
"Cell1754","Group2","Group2","Group1","Group1","Group1"
"Cell1755","Group3","Group3","Group3","Group3","Group3"
"Cell1756","Group2","Group2","Group2","Group2","Group2"
"Cell1757","Group1","Group1","Group1","Group1","Group1"
"Cell1758","Group2","Group2","Group2","Group2","Group2"
"Cell1759","Group2","Group2","Group2","Group2",NA
"Cell1760","Group2","Group2","Group2","Group2","Group2"
"Cell1761","Group4","Group4","Group4","Group4","Group4"
"Cell1762","Group2","Group2","Group2","Group2","Group2"
"Cell1763","Group1","Group4","Group1","Group1","Group1"
"Cell1764","Group1","Group2","Group1","Group1","Group1"
"Cell1765","Group2","Group2","Group2","Group2","Group2"
"Cell1766","Group4","Group4","Group4","Group4","Group4"
"Cell1767","Group4","Group4","Group4","Group4","Group3"
"Cell1768","Group3","Group3","Group3","Group3","Group3"
"Cell1769","Group4","Group4","Group4","Group4","Group4"
"Cell1770","Group1","Group1","Group1","Group1","Group1"
"Cell1771","Group1","Group1","Group1","Group1","Group2"
"Cell1772","Group4","Group4","Group4","Group4","Group4"
"Cell1773","Group4","Group4","Group4","Group4",NA
"Cell1774","Group4","Group4","Group4","Group4","Group4"
"Cell1775","Group4","Group4","Group4","Group4","Group3"
"Cell1776","Group1","Group1","Group1","Group1","Group1"
"Cell1777","Group3","Group3","Group3","Group3","Group2"
"Cell1778","Group3","Group3","Group4","Group3","Group3"
"Cell1779","Group1","Group4","Group1","Group1",NA
"Cell1780",NA,"Group3","Group2","Group2","Group4"
"Cell1781","Group4","Group4","Group4","Group4","Group3"
"Cell1782","Group4","Group3","Group4","Group3","Group3"
"Cell1783","Group4","Group4","Group4","Group4","Group4"
"Cell1784","Group2","Group2","Group2","Group2","Group2"
"Cell1785","Group2","Group2","Group2","Group2","Group2"
"Cell1786","Group4","Group4","Group4","Group4","Group4"
"Cell1787","Group2","Group2","Group2","Group2","Group2"
"Cell1788","Group4","Group4","Group4","Group4",NA
"Cell1789","Group4","Group4","Group4","Group4","Group4"
"Cell1790","Group4","Group4","Group4","Group3","Group3"
"Cell1791","Group4","Group4","Group4","Group4","Group4"
"Cell1792","Group3","Group3","Group3","Group3",NA
"Cell1793","Group2","Group2","Group2","Group2","Group2"
"Cell1794","Group3","Group3","Group3","Group3",NA
"Cell1795","Group4","Group4","Group4","Group4","Group4"
"Cell1796","Group1","Group1","Group1","Group1","Group1"
"Cell1797","Group1","Group1","Group1","Group1",NA
"Cell1798","Group2","Group2","Group2","Group2","Group2"
"Cell1799","Group2","Group2","Group3","Group2","Group2"
"Cell1800","Group3","Group3","Group3","Group3","Group3"
"Cell1801","Group4","Group4","Group4","Group4","Group4"
"Cell1802","Group2","Group2","Group2","Group2",NA
"Cell1803","Group1","Group1","Group1","Group1","Group1"
"Cell1804","Group4","Group4","Group2","Group4",NA
"Cell1805","Group3","Group3","Group2","Group3","Group3"
"Cell1806","Group2","Group2","Group2","Group2","Group3"
"Cell1807","Group3","Group3","Group3","Group3","Group3"
"Cell1808","Group3","Group3","Group3","Group3","Group4"
"Cell1809","Group2","Group2","Group2","Group2","Group2"
"Cell1810","Group4","Group4","Group4","Group4",NA
"Cell1811","Group4","Group4","Group4","Group4","Group4"
"Cell1812","Group2","Group2","Group2","Group2","Group2"
"Cell1813","Group4","Group4","Group4","Group4",NA
"Cell1814","Group2","Group2","Group2","Group2","Group3"
"Cell1815","Group2","Group2","Group2","Group2","Group2"
"Cell1816","Group4","Group4","Group4","Group4","Group4"
"Cell1817","Group4","Group4","Group4","Group4","Group4"
"Cell1818","Group1","Group4","Group1","Group1","Group1"
"Cell1819","Group2","Group2","Group2","Group2","Group2"
"Cell1820","Group1","Group1","Group1","Group1","Group2"
"Cell1821","Group3","Group3","Group2","Group3",NA
"Cell1822","Group3","Group3","Group4","Group3","Group4"
"Cell1823","Group4","Group4","Group4","Group4","Group4"
"Cell1824","Group3","Group3","Group3","Group3","Group3"
"Cell1825","Group3","Group3","Group3","Group3","Group3"
"Cell1826","Group4","Group4","Group4","Group4",NA
"Cell1827","Group1","Group1","Group3","Group1",NA
"Cell1828","Group2","Group2","Group2","Group2","Group2"
"Cell1829","Group3","Group3","Group3","Group3","Group3"
"Cell1830","Group4","Group4","Group4","Group4",NA
"Cell1831","Group3","Group3","Group3","Group3","Group3"
"Cell1832","Group3","Group3","Group3","Group3","Group3"
"Cell1833","Group4","Group4","Group4","Group4","Group4"
"Cell1834","Group2","Group2","Group2","Group2","Group4"
"Cell1835","Group1","Group2","Group1","Group1","Group4"
"Cell1836","Group1","Group4","Group1","Group1","Group1"
"Cell1837","Group3","Group3","Group3","Group3","Group2"
"Cell1838","Group3","Group3","Group3","Group3","Group4"
"Cell1839","Group1","Group1","Group1","Group1","Group1"
"Cell1840","Group1","Group1","Group1","Group1","Group1"
"Cell1841","Group4","Group4","Group4","Group3","Group4"
"Cell1842","Group3","Group3","Group3","Group3",NA
"Cell1843","Group4","Group4","Group4","Group4",NA
"Cell1844","Group1","Group4","Group1","Group2","Group2"
"Cell1845","Group1","Group1","Group1","Group1",NA
"Cell1846","Group2","Group2","Group1","Group2","Group1"
"Cell1847","Group3","Group3","Group3","Group3","Group3"
"Cell1848","Group2","Group2","Group2","Group2","Group2"
"Cell1849","Group3","Group3","Group2","Group3","Group3"
"Cell1850",NA,"Group3","Group4","Group1","Group4"
"Cell1851","Group3","Group3","Group3","Group3","Group1"
"Cell1852","Group3","Group3","Group3","Group3",NA
"Cell1853","Group4","Group4","Group4","Group4","Group4"
"Cell1854","Group1","Group1","Group1","Group1","Group1"
"Cell1855","Group3","Group3","Group1","Group3","Group3"
"Cell1856","Group1","Group1","Group1","Group1","Group1"
"Cell1857","Group2","Group2","Group2","Group2",NA
"Cell1858",NA,"Group3","Group2","Group3","Group2"
"Cell1859","Group2","Group2","Group2","Group2","Group2"
"Cell1860","Group2","Group2","Group1","Group2","Group2"
"Cell1861","Group2","Group2","Group3","Group2","Group2"
"Cell1862","Group1","Group2","Group1","Group1","Group1"
"Cell1863","Group3","Group3","Group3","Group3","Group3"
"Cell1864","Group3","Group3","Group3","Group3","Group3"
"Cell1865","Group1","Group2","Group1","Group1","Group1"
"Cell1866","Group3","Group3","Group3","Group3","Group3"
"Cell1867","Group1","Group1","Group2","Group1","Group1"
"Cell1868","Group1","Group4","Group1","Group1",NA
"Cell1869","Group2","Group2","Group2","Group2",NA
"Cell1870","Group2","Group2","Group2","Group2","Group3"
"Cell1871","Group1","Group1","Group1","Group1",NA
"Cell1872","Group1","Group1","Group2","Group1","Group1"
"Cell1873","Group2","Group2","Group2","Group2","Group2"
"Cell1874","Group1","Group3","Group1","Group1","Group1"
"Cell1875","Group2","Group2","Group2","Group2","Group1"
"Cell1876","Group3","Group3","Group3","Group3","Group3"
"Cell1877","Group4","Group4","Group4","Group4","Group1"
"Cell1878","Group4","Group4","Group4","Group4","Group3"
"Cell1879","Group4","Group4","Group4","Group4","Group4"
"Cell1880","Group1","Group4","Group1","Group1","Group1"
"Cell1881","Group1","Group3","Group3","Group3","Group3"
"Cell1882","Group1","Group1","Group1","Group1","Group4"
"Cell1883",NA,"Group3","Group3","Group3",NA
"Cell1884","Group1","Group2","Group4","Group1",NA
"Cell1885","Group3","Group3","Group3","Group3","Group4"
"Cell1886","Group1","Group1","Group1","Group1","Group1"
"Cell1887","Group2","Group2","Group2","Group1","Group1"
"Cell1888","Group1","Group1","Group1","Group1","Group1"
"Cell1889","Group4","Group4","Group4","Group4","Group4"
"Cell1890","Group3","Group3","Group3","Group3",NA
"Cell1891","Group3","Group3","Group3","Group3","Group1"
"Cell1892","Group4","Group4","Group4","Group4","Group4"
"Cell1893",NA,"Group3","Group3","Group3","Group3"
"Cell1894","Group3","Group3","Group3","Group3","Group3"
"Cell1895","Group4","Group4","Group4","Group4","Group4"
"Cell1896","Group4","Group4","Group4","Group4","Group4"
"Cell1897","Group1","Group1","Group1","Group1",NA
"Cell1898","Group4","Group4","Group2","Group1","Group1"
"Cell1899","Group4","Group4","Group3","Group3",NA
"Cell1900","Group3","Group3","Group3","Group3","Group3"
"Cell1901","Group4","Group4","Group4","Group4","Group4"
"Cell1902","Group3","Group3","Group3","Group3","Group3"
"Cell1903","Group3","Group3","Group3","Group3","Group3"
"Cell1904",NA,"Group4","Group4","Group4","Group4"
"Cell1905","Group2","Group2","Group2","Group2",NA
"Cell1906","Group4","Group4","Group4","Group4","Group4"
"Cell1907","Group2","Group2","Group2","Group2","Group4"
"Cell1908","Group4","Group4","Group4","Group4","Group3"
"Cell1909","Group4","Group3","Group3","Group3","Group3"
"Cell1910","Group2","Group2","Group2","Group2","Group2"
"Cell1911","Group1","Group2","Group1","Group1","Group1"
"Cell1912","Group1","Group3","Group2","Group1","Group1"
"Cell1913","Group3","Group3","Group3","Group3","Group3"
"Cell1914","Group4","Group4","Group2","Group4","Group2"
"Cell1915","Group3","Group3","Group3","Group3","Group3"
"Cell1916","Group2","Group2","Group2","Group2","Group2"
"Cell1917","Group3","Group3","Group3","Group3","Group3"
"Cell1918","Group1","Group2","Group1","Group1",NA
"Cell1919","Group2","Group2","Group1","Group2","Group2"
"Cell1920","Group2","Group2","Group2","Group2","Group2"
"Cell1921","Group3","Group3","Group3","Group3","Group3"
"Cell1922","Group3","Group3","Group1","Group3","Group3"
"Cell1923","Group1","Group1","Group1","Group1","Group1"
"Cell1924","Group2","Group2","Group2","Group2","Group3"
"Cell1925","Group2","Group2","Group2","Group2","Group2"
"Cell1926","Group1","Group1","Group1","Group1",NA
"Cell1927","Group4","Group4","Group4","Group4","Group4"
"Cell1928","Group2","Group2","Group2","Group2","Group2"
"Cell1929","Group4","Group4","Group4","Group4","Group4"
"Cell1930","Group4","Group4","Group4","Group4","Group3"
"Cell1931","Group4","Group4","Group2","Group1","Group2"
"Cell1932","Group2","Group2","Group2","Group2","Group2"
"Cell1933","Group1","Group1","Group1","Group1","Group1"
"Cell1934","Group4","Group4","Group4","Group4",NA
"Cell1935","Group2","Group2","Group2","Group2","Group2"
"Cell1936","Group1","Group1","Group1","Group1","Group1"
"Cell1937","Group4","Group4","Group4","Group4","Group4"
"Cell1938","Group1","Group1","Group1","Group1","Group1"
"Cell1939","Group3","Group3","Group3","Group3","Group3"
"Cell1940","Group2","Group2","Group2","Group2","Group2"
"Cell1941",NA,"Group3","Group3","Group3","Group3"
"Cell1942","Group2","Group2","Group1","Group2","Group2"
"Cell1943","Group1","Group1","Group2","Group2",NA
"Cell1944","Group2","Group2","Group2","Group2","Group2"
"Cell1945","Group3","Group3","Group3","Group1",NA
"Cell1946","Group3","Group3","Group3","Group3","Group3"
"Cell1947","Group4","Group4","Group4","Group4","Group4"
"Cell1948","Group1","Group1","Group1","Group1","Group1"
"Cell1949","Group1","Group3","Group1","Group1","Group2"
"Cell1950","Group3","Group3","Group3","Group3","Group2"
"Cell1951","Group3","Group3","Group3","Group3","Group3"
"Cell1952","Group1","Group4","Group1","Group1","Group1"
"Cell1953","Group3","Group3","Group3","Group3","Group2"
"Cell1954","Group1","Group4","Group1","Group1","Group1"
"Cell1955","Group2","Group2","Group2","Group2","Group4"
"Cell1956","Group2","Group2","Group2","Group2","Group2"
"Cell1957","Group2","Group2","Group2","Group2","Group3"
"Cell1958","Group1","Group1","Group1","Group1","Group2"
"Cell1959",NA,"Group2","Group4","Group1","Group4"
"Cell1960","Group2","Group2","Group2","Group2","Group3"
"Cell1961","Group1","Group1","Group1","Group1","Group4"
"Cell1962","Group1","Group3","Group1","Group1","Group1"
"Cell1963","Group1","Group3","Group1","Group1","Group1"
"Cell1964","Group1","Group1","Group1","Group1","Group1"
"Cell1965","Group2","Group2","Group2","Group2","Group2"
"Cell1966","Group3","Group3","Group3","Group3","Group3"
"Cell1967","Group2","Group2","Group2","Group2","Group2"
"Cell1968","Group4","Group4","Group4","Group3","Group4"
"Cell1969","Group4","Group4","Group4","Group4","Group4"
"Cell1970","Group4","Group4","Group4","Group4","Group4"
"Cell1971","Group1","Group1","Group1","Group1","Group1"
"Cell1972","Group1","Group4","Group1","Group1","Group1"
"Cell1973","Group3","Group3","Group4","Group3","Group1"
"Cell1974","Group1","Group1","Group1","Group1","Group1"
"Cell1975","Group1","Group1","Group1","Group1",NA
"Cell1976","Group4","Group4","Group4","Group4","Group4"
"Cell1977","Group4","Group4","Group4","Group4","Group4"
"Cell1978","Group3","Group3","Group1","Group1","Group1"
"Cell1979","Group2","Group4","Group2","Group2","Group2"
"Cell1980","Group4","Group4","Group4","Group4","Group3"
"Cell1981","Group4","Group4","Group4","Group4","Group4"
"Cell1982","Group4","Group4","Group4","Group4","Group2"
"Cell1983","Group4","Group4","Group4","Group4","Group4"
"Cell1984","Group3","Group3","Group3","Group3","Group3"
"Cell1985","Group4","Group4","Group4","Group4","Group4"
"Cell1986","Group3","Group3","Group3","Group3",NA
"Cell1987","Group1","Group4","Group1","Group1","Group1"
"Cell1988","Group3","Group3","Group3","Group3","Group3"
"Cell1989","Group1","Group2","Group1","Group1","Group1"
"Cell1990","Group4","Group4","Group4","Group3","Group4"
"Cell1991","Group1","Group1","Group1","Group1","Group1"
"Cell1992","Group3","Group3","Group3","Group3",NA
"Cell1993","Group3","Group3","Group3","Group3",NA
"Cell1994","Group1","Group4","Group4","Group1","Group1"
"Cell1995","Group3","Group3","Group3","Group3","Group4"
"Cell1996","Group1","Group1","Group1","Group1","Group1"
"Cell1997","Group3","Group3","Group3","Group3","Group3"
"Cell1998","Group2","Group2","Group2","Group2","Group1"
"Cell1999","Group2","Group2","Group2","Group2","Group3"
"Cell2000","Group1","Group1","Group3","Group3","Group3"
